startTime,task,group,team,score
1706526300000,"vbs24-kis-v1","KISV","PraK2",531.9933333333333
1706526300000,"vbs24-kis-v1","KISV","Exquisitor2",0.0
1706526300000,"vbs24-kis-v1","KISV","vitrivr2",0.0
1706526300000,"vbs24-kis-v1","KISV","PraK4",784.1216666666667
1706526300000,"vbs24-kis-v1","KISV","Exquisitor1",867.2183333333332
1706526300000,"vbs24-kis-v1","KISV","ViewsInsight2",698.265
1706526300000,"vbs24-kis-v1","KISV","VIREO2",532.155
1706526300000,"vbs24-kis-v1","KISV","ViewsInsight3",0.0
1706526300000,"vbs24-kis-v1","KISV","diveXplore1",516.1433333333333
1706526300000,"vbs24-kis-v1","KISV","TalkSee1",904.815
1706526300000,"vbs24-kis-v1","KISV","vitrivr3",0.0
1706526300000,"vbs24-kis-v1","KISV","PraK3",0.0
1706526300000,"vbs24-kis-v1","KISV","VIREO1",0.0
1706526300000,"vbs24-kis-v1","KISV","Vibro2",905.675
1706526300000,"vbs24-kis-v1","KISV","VISIONE2",789.7283333333334
1706526300000,"vbs24-kis-v1","KISV","VERGE2",809.7916666666667
1706526300000,"vbs24-kis-v1","KISV","vitrivr1",924.4916666666667
1706526300000,"vbs24-kis-v1","KISV","vitrivr-VR1",747.9716666666666
1706526300000,"vbs24-kis-v1","KISV","VISIONE3",886.7733333333333
1706526300000,"vbs24-kis-v1","KISV","vitrivr4",704.13
1706526300000,"vbs24-kis-v1","KISV","VISIONE1",792.3433333333334
1706526300000,"vbs24-kis-v1","KISV","ViewsInsight1",615.1066666666667
1706526300000,"vbs24-kis-v1","KISV","VideoCLIP2",0.0
1706526300000,"vbs24-kis-v1","KISV","TalkSee2",911.0016666666667
1706526300000,"vbs24-kis-v1","KISV","VideoCLIP1",731.62
1706526300000,"vbs24-kis-v1","KISV","PraK1",903.09
1706526300000,"vbs24-kis-v1","KISV","diveXplore2",0.0
1706526300000,"vbs24-kis-v1","KISV","Vibro1",751.4333333333334
1706526300000,"vbs24-kis-v1","KISV","VISIONE4",918.5466666666666
1706526300000,"vbs24-kis-v1","KISV","VERGE1",0.0
1706526300000,"vbs24-kis-v1","KISV","vitrivr-VR2",0.0
1706526300000,"vbs24-kis-v1","KISV","PraK5",611.5766666666666
1706526653325,"vbs24-avs2","AVS","PraK2",223.52941176470586
1706526653325,"vbs24-avs2","AVS","Exquisitor2",0.0
1706526653325,"vbs24-avs2","AVS","vitrivr2",117.6470588235294
1706526653325,"vbs24-avs2","AVS","PraK4",105.88235294117646
1706526653325,"vbs24-avs2","AVS","Exquisitor1",47.05882352941176
1706526653325,"vbs24-avs2","AVS","ViewsInsight2",58.8235294117647
1706526653325,"vbs24-avs2","AVS","VIREO2",341.1764705882353
1706526653325,"vbs24-avs2","AVS","ViewsInsight3",176.47058823529412
1706526653325,"vbs24-avs2","AVS","diveXplore1",0.0
1706526653325,"vbs24-avs2","AVS","TalkSee1",247.0588235294116
1706526653325,"vbs24-avs2","AVS","vitrivr3",0.0
1706526653325,"vbs24-avs2","AVS","PraK3",58.8235294117647
1706526653325,"vbs24-avs2","AVS","VIREO1",0.0
1706526653325,"vbs24-avs2","AVS","Vibro2",352.94117647058823
1706526653325,"vbs24-avs2","AVS","VISIONE2",0.0
1706526653325,"vbs24-avs2","AVS","VERGE2",58.8235294117647
1706526653325,"vbs24-avs2","AVS","vitrivr1",94.11764705882352
1706526653325,"vbs24-avs2","AVS","vitrivr-VR1",211.76470588235293
1706526653325,"vbs24-avs2","AVS","VISIONE3",211.76470588235293
1706526653325,"vbs24-avs2","AVS","vitrivr4",211.76470588235293
1706526653325,"vbs24-avs2","AVS","VISIONE1",494.1176470588234
1706526653325,"vbs24-avs2","AVS","ViewsInsight1",317.6470588235294
1706526653325,"vbs24-avs2","AVS","VideoCLIP2",0.0
1706526653325,"vbs24-avs2","AVS","TalkSee2",0.0
1706526653325,"vbs24-avs2","AVS","VideoCLIP1",376.4705882352941
1706526653325,"vbs24-avs2","AVS","PraK1",11.764705882352938
1706526653325,"vbs24-avs2","AVS","diveXplore2",117.6470588235294
1706526653325,"vbs24-avs2","AVS","Vibro1",458.8235294117647
1706526653325,"vbs24-avs2","AVS","VISIONE4",211.76470588235293
1706526653325,"vbs24-avs2","AVS","VERGE1",164.7058823529412
1706526653325,"vbs24-avs2","AVS","vitrivr-VR2",176.47058823529412
1706526653325,"vbs24-avs2","AVS","PraK5",117.6470588235294
1706527055494,"vbs24-kis-t1","KIST","PraK2",791.7547619047618
1706527055494,"vbs24-kis-t1","KIST","Exquisitor2",0.0
1706527055494,"vbs24-kis-t1","KIST","vitrivr2",0.0
1706527055494,"vbs24-kis-t1","KIST","PraK4",715.427380952381
1706527055494,"vbs24-kis-t1","KIST","Exquisitor1",0.0
1706527055494,"vbs24-kis-t1","KIST","ViewsInsight2",0.0
1706527055494,"vbs24-kis-t1","KIST","VIREO2",795.1273809523809
1706527055494,"vbs24-kis-t1","KIST","ViewsInsight3",923.0702380952381
1706527055494,"vbs24-kis-t1","KIST","diveXplore1",639.7619047619048
1706527055494,"vbs24-kis-t1","KIST","TalkSee1",0.0
1706527055494,"vbs24-kis-t1","KIST","vitrivr3",0.0
1706527055494,"vbs24-kis-t1","KIST","PraK3",714.3595238095238
1706527055494,"vbs24-kis-t1","KIST","VIREO1",0.0
1706527055494,"vbs24-kis-t1","KIST","Vibro2",929.4
1706527055494,"vbs24-kis-t1","KIST","VISIONE2",874.5333333333333
1706527055494,"vbs24-kis-t1","KIST","VERGE2",0.0
1706527055494,"vbs24-kis-t1","KIST","vitrivr1",0.0
1706527055494,"vbs24-kis-t1","KIST","vitrivr-VR1",0.0
1706527055494,"vbs24-kis-t1","KIST","VISIONE3",793.9345238095239
1706527055494,"vbs24-kis-t1","KIST","vitrivr4",0.0
1706527055494,"vbs24-kis-t1","KIST","VISIONE1",871.4285714285714
1706527055494,"vbs24-kis-t1","KIST","ViewsInsight1",0.0
1706527055494,"vbs24-kis-t1","KIST","VideoCLIP2",0.0
1706527055494,"vbs24-kis-t1","KIST","TalkSee2",395.4928571428572
1706527055494,"vbs24-kis-t1","KIST","VideoCLIP1",0.0
1706527055494,"vbs24-kis-t1","KIST","PraK1",647.379761904762
1706527055494,"vbs24-kis-t1","KIST","diveXplore2",611.0285714285715
1706527055494,"vbs24-kis-t1","KIST","Vibro1",929.6011904761905
1706527055494,"vbs24-kis-t1","KIST","VISIONE4",865.6166666666667
1706527055494,"vbs24-kis-t1","KIST","VERGE1",0.0
1706527055494,"vbs24-kis-t1","KIST","vitrivr-VR2",0.0
1706527055494,"vbs24-kis-t1","KIST","PraK5",742.575
1706527564472,"vbs24-qa1","QAS","PraK2",611.105
1706527564472,"vbs24-qa1","QAS","Exquisitor2",0.0
1706527564472,"vbs24-qa1","QAS","vitrivr2",867.8766666666666
1706527564472,"vbs24-qa1","QAS","PraK4",669.5016666666667
1706527564472,"vbs24-qa1","QAS","Exquisitor1",0.0
1706527564472,"vbs24-qa1","QAS","ViewsInsight2",767.6416666666667
1706527564472,"vbs24-qa1","QAS","VIREO2",0.0
1706527564472,"vbs24-qa1","QAS","ViewsInsight3",802.6783333333333
1706527564472,"vbs24-qa1","QAS","diveXplore1",0.0
1706527564472,"vbs24-qa1","QAS","TalkSee1",0.0
1706527564472,"vbs24-qa1","QAS","vitrivr3",0.0
1706527564472,"vbs24-qa1","QAS","PraK3",0.0
1706527564472,"vbs24-qa1","QAS","VIREO1",0.0
1706527564472,"vbs24-qa1","QAS","Vibro2",593.1733333333333
1706527564472,"vbs24-qa1","QAS","VISIONE2",901.4216666666666
1706527564472,"vbs24-qa1","QAS","VERGE2",0.0
1706527564472,"vbs24-qa1","QAS","vitrivr1",0.0
1706527564472,"vbs24-qa1","QAS","vitrivr-VR1",588.8266666666667
1706527564472,"vbs24-qa1","QAS","VISIONE3",0.0
1706527564472,"vbs24-qa1","QAS","vitrivr4",0.0
1706527564472,"vbs24-qa1","QAS","VISIONE1",850.1883333333333
1706527564472,"vbs24-qa1","QAS","ViewsInsight1",767.2833333333333
1706527564472,"vbs24-qa1","QAS","VideoCLIP2",0.0
1706527564472,"vbs24-qa1","QAS","TalkSee2",0.0
1706527564472,"vbs24-qa1","QAS","VideoCLIP1",0.0
1706527564472,"vbs24-qa1","QAS","PraK1",747.6033333333334
1706527564472,"vbs24-qa1","QAS","diveXplore2",0.0
1706527564472,"vbs24-qa1","QAS","Vibro1",559.7433333333333
1706527564472,"vbs24-qa1","QAS","VISIONE4",795.2816666666666
1706527564472,"vbs24-qa1","QAS","VERGE1",0.0
1706527564472,"vbs24-qa1","QAS","vitrivr-VR2",0.0
1706527564472,"vbs24-qa1","QAS","PraK5",739.5566666666666
1706527951337,"vbs24-kis-t2","KIST","PraK2",518.8607142857143
1706527951337,"vbs24-kis-t2","KIST","Exquisitor2",0.0
1706527951337,"vbs24-kis-t2","KIST","vitrivr2",0.0
1706527951337,"vbs24-kis-t2","KIST","PraK4",0.0
1706527951337,"vbs24-kis-t2","KIST","Exquisitor1",0.0
1706527951337,"vbs24-kis-t2","KIST","ViewsInsight2",0.0
1706527951337,"vbs24-kis-t2","KIST","VIREO2",0.0
1706527951337,"vbs24-kis-t2","KIST","ViewsInsight3",0.0
1706527951337,"vbs24-kis-t2","KIST","diveXplore1",931.1011904761904
1706527951337,"vbs24-kis-t2","KIST","TalkSee1",0.0
1706527951337,"vbs24-kis-t2","KIST","vitrivr3",0.0
1706527951337,"vbs24-kis-t2","KIST","PraK3",0.0
1706527951337,"vbs24-kis-t2","KIST","VIREO1",0.0
1706527951337,"vbs24-kis-t2","KIST","Vibro2",943.6857142857143
1706527951337,"vbs24-kis-t2","KIST","VISIONE2",941.0535714285714
1706527951337,"vbs24-kis-t2","KIST","VERGE2",0.0
1706527951337,"vbs24-kis-t2","KIST","vitrivr1",0.0
1706527951337,"vbs24-kis-t2","KIST","vitrivr-VR1",0.0
1706527951337,"vbs24-kis-t2","KIST","VISIONE3",907.6059523809524
1706527951337,"vbs24-kis-t2","KIST","vitrivr4",0.0
1706527951337,"vbs24-kis-t2","KIST","VISIONE1",946.7988095238095
1706527951337,"vbs24-kis-t2","KIST","ViewsInsight1",0.0
1706527951337,"vbs24-kis-t2","KIST","VideoCLIP2",0.0
1706527951337,"vbs24-kis-t2","KIST","TalkSee2",0.0
1706527951337,"vbs24-kis-t2","KIST","VideoCLIP1",0.0
1706527951337,"vbs24-kis-t2","KIST","PraK1",930.3595238095238
1706527951337,"vbs24-kis-t2","KIST","diveXplore2",851.525
1706527951337,"vbs24-kis-t2","KIST","Vibro1",938.3333333333334
1706527951337,"vbs24-kis-t2","KIST","VISIONE4",940.6464285714285
1706527951337,"vbs24-kis-t2","KIST","VERGE1",0.0
1706527951337,"vbs24-kis-t2","KIST","vitrivr-VR2",0.0
1706527951337,"vbs24-kis-t2","KIST","PraK5",928.5416666666666
1706528879071,"vbs24-kis-v-lhe1","KISV","PraK2",490.25
1706528879071,"vbs24-kis-v-lhe1","KISV","Exquisitor2",0.0
1706528879071,"vbs24-kis-v-lhe1","KISV","vitrivr2",0.0
1706528879071,"vbs24-kis-v-lhe1","KISV","PraK4",879.9616666666666
1706528879071,"vbs24-kis-v-lhe1","KISV","Exquisitor1",0.0
1706528879071,"vbs24-kis-v-lhe1","KISV","ViewsInsight2",0.0
1706528879071,"vbs24-kis-v-lhe1","KISV","VIREO2",0.0
1706528879071,"vbs24-kis-v-lhe1","KISV","ViewsInsight3",0.0
1706528879071,"vbs24-kis-v-lhe1","KISV","diveXplore1",0.0
1706528879071,"vbs24-kis-v-lhe1","KISV","TalkSee1",0.0
1706528879071,"vbs24-kis-v-lhe1","KISV","vitrivr3",0.0
1706528879071,"vbs24-kis-v-lhe1","KISV","PraK3",356.3666666666667
1706528879071,"vbs24-kis-v-lhe1","KISV","VIREO1",0.0
1706528879071,"vbs24-kis-v-lhe1","KISV","Vibro2",0.0
1706528879071,"vbs24-kis-v-lhe1","KISV","VISIONE2",0.0
1706528879071,"vbs24-kis-v-lhe1","KISV","VERGE2",0.0
1706528879071,"vbs24-kis-v-lhe1","KISV","vitrivr1",826.3783333333333
1706528879071,"vbs24-kis-v-lhe1","KISV","vitrivr-VR1",0.0
1706528879071,"vbs24-kis-v-lhe1","KISV","VISIONE3",869.0483333333333
1706528879071,"vbs24-kis-v-lhe1","KISV","vitrivr4",0.0
1706528879071,"vbs24-kis-v-lhe1","KISV","VISIONE1",0.0
1706528879071,"vbs24-kis-v-lhe1","KISV","ViewsInsight1",0.0
1706528879071,"vbs24-kis-v-lhe1","KISV","VideoCLIP2",0.0
1706528879071,"vbs24-kis-v-lhe1","KISV","TalkSee2",0.0
1706528879071,"vbs24-kis-v-lhe1","KISV","VideoCLIP1",0.0
1706528879071,"vbs24-kis-v-lhe1","KISV","PraK1",0.0
1706528879071,"vbs24-kis-v-lhe1","KISV","diveXplore2",0.0
1706528879071,"vbs24-kis-v-lhe1","KISV","Vibro1",0.0
1706528879071,"vbs24-kis-v-lhe1","KISV","VISIONE4",936.7016666666666
1706528879071,"vbs24-kis-v-lhe1","KISV","VERGE1",0.0
1706528879071,"vbs24-kis-v-lhe1","KISV","vitrivr-VR2",0.0
1706528879071,"vbs24-kis-v-lhe1","KISV","PraK5",0.0
1706529375934,"vbs-kis-v-mvk1","KISV","PraK2",695.7133333333334
1706529375934,"vbs-kis-v-mvk1","KISV","Exquisitor2",0.0
1706529375934,"vbs-kis-v-mvk1","KISV","vitrivr2",0.0
1706529375934,"vbs-kis-v-mvk1","KISV","PraK4",0.0
1706529375934,"vbs-kis-v-mvk1","KISV","Exquisitor1",0.0
1706529375934,"vbs-kis-v-mvk1","KISV","ViewsInsight2",0.0
1706529375934,"vbs-kis-v-mvk1","KISV","VIREO2",745.76
1706529375934,"vbs-kis-v-mvk1","KISV","ViewsInsight3",431.59000000000003
1706529375934,"vbs-kis-v-mvk1","KISV","diveXplore1",0.0
1706529375934,"vbs-kis-v-mvk1","KISV","TalkSee1",936.375
1706529375934,"vbs-kis-v-mvk1","KISV","vitrivr3",0.0
1706529375934,"vbs-kis-v-mvk1","KISV","PraK3",768.6133333333333
1706529375934,"vbs-kis-v-mvk1","KISV","VIREO1",0.0
1706529375934,"vbs-kis-v-mvk1","KISV","Vibro2",0.0
1706529375934,"vbs-kis-v-mvk1","KISV","VISIONE2",731.4316666666666
1706529375934,"vbs-kis-v-mvk1","KISV","VERGE2",0.0
1706529375934,"vbs-kis-v-mvk1","KISV","vitrivr1",0.0
1706529375934,"vbs-kis-v-mvk1","KISV","vitrivr-VR1",0.0
1706529375934,"vbs-kis-v-mvk1","KISV","VISIONE3",0.0
1706529375934,"vbs-kis-v-mvk1","KISV","vitrivr4",0.0
1706529375934,"vbs-kis-v-mvk1","KISV","VISIONE1",687.3966666666666
1706529375934,"vbs-kis-v-mvk1","KISV","ViewsInsight1",0.0
1706529375934,"vbs-kis-v-mvk1","KISV","VideoCLIP2",0.0
1706529375934,"vbs-kis-v-mvk1","KISV","TalkSee2",905.755
1706529375934,"vbs-kis-v-mvk1","KISV","VideoCLIP1",0.0
1706529375934,"vbs-kis-v-mvk1","KISV","PraK1",0.0
1706529375934,"vbs-kis-v-mvk1","KISV","diveXplore2",0.0
1706529375934,"vbs-kis-v-mvk1","KISV","Vibro1",0.0
1706529375934,"vbs-kis-v-mvk1","KISV","VISIONE4",0.0
1706529375934,"vbs-kis-v-mvk1","KISV","VERGE1",0.0
1706529375934,"vbs-kis-v-mvk1","KISV","vitrivr-VR2",0.0
1706529375934,"vbs-kis-v-mvk1","KISV","PraK5",790.3216666666667
1706530162445,"vbs24-kis-t5","KIST","PraK2",911.0619047619048
1706530162445,"vbs24-kis-t5","KIST","Exquisitor2",0.0
1706530162445,"vbs24-kis-t5","KIST","vitrivr2",0.0
1706530162445,"vbs24-kis-t5","KIST","PraK4",957.3928571428571
1706530162445,"vbs24-kis-t5","KIST","Exquisitor1",960.6904761904761
1706530162445,"vbs24-kis-t5","KIST","ViewsInsight2",919.3321428571428
1706530162445,"vbs24-kis-t5","KIST","VIREO2",0.0
1706530162445,"vbs24-kis-t5","KIST","ViewsInsight3",939.2035714285714
1706530162445,"vbs24-kis-t5","KIST","diveXplore1",957.1666666666667
1706530162445,"vbs24-kis-t5","KIST","TalkSee1",800.5380952380953
1706530162445,"vbs24-kis-t5","KIST","vitrivr3",926.5095238095238
1706530162445,"vbs24-kis-t5","KIST","PraK3",919.7369047619047
1706530162445,"vbs24-kis-t5","KIST","VIREO1",528.447619047619
1706530162445,"vbs24-kis-t5","KIST","Vibro2",909.0797619047619
1706530162445,"vbs24-kis-t5","KIST","VISIONE2",908.3392857142857
1706530162445,"vbs24-kis-t5","KIST","VERGE2",922.4988095238095
1706530162445,"vbs24-kis-t5","KIST","vitrivr1",0.0
1706530162445,"vbs24-kis-t5","KIST","vitrivr-VR1",889.9142857142857
1706530162445,"vbs24-kis-t5","KIST","VISIONE3",801.3940476190476
1706530162445,"vbs24-kis-t5","KIST","vitrivr4",682.1607142857142
1706530162445,"vbs24-kis-t5","KIST","VISIONE1",924.5023809523809
1706530162445,"vbs24-kis-t5","KIST","ViewsInsight1",847.7738095238095
1706530162445,"vbs24-kis-t5","KIST","VideoCLIP2",0.0
1706530162445,"vbs24-kis-t5","KIST","TalkSee2",582.6309523809524
1706530162445,"vbs24-kis-t5","KIST","VideoCLIP1",0.0
1706530162445,"vbs24-kis-t5","KIST","PraK1",815.1285714285714
1706530162445,"vbs24-kis-t5","KIST","diveXplore2",922.5630952380952
1706530162445,"vbs24-kis-t5","KIST","Vibro1",904.547619047619
1706530162445,"vbs24-kis-t5","KIST","VISIONE4",907.8904761904762
1706530162445,"vbs24-kis-t5","KIST","VERGE1",914.3821428571429
1706530162445,"vbs24-kis-t5","KIST","vitrivr-VR2",772.5488095238095
1706530162445,"vbs24-kis-t5","KIST","PraK5",931.7654761904762
1706530680491,"vbs24-avs4","AVS","PraK2",90.56603773584905
1706530680491,"vbs24-avs4","AVS","Exquisitor2",0.0
1706530680491,"vbs24-avs4","AVS","vitrivr2",15.09433962264151
1706530680491,"vbs24-avs4","AVS","PraK4",339.62264150943395
1706530680491,"vbs24-avs4","AVS","Exquisitor1",3.7735849056603765
1706530680491,"vbs24-avs4","AVS","ViewsInsight2",64.1509433962264
1706530680491,"vbs24-avs4","AVS","VIREO2",52.830188679245275
1706530680491,"vbs24-avs4","AVS","ViewsInsight3",0.0
1706530680491,"vbs24-avs4","AVS","diveXplore1",226.41509433962264
1706530680491,"vbs24-avs4","AVS","TalkSee1",109.43396226415084
1706530680491,"vbs24-avs4","AVS","vitrivr3",7.547169811320753
1706530680491,"vbs24-avs4","AVS","PraK3",105.66037735849054
1706530680491,"vbs24-avs4","AVS","VIREO1",60.37735849056603
1706530680491,"vbs24-avs4","AVS","Vibro2",184.90566037735852
1706530680491,"vbs24-avs4","AVS","VISIONE2",109.43396226415095
1706530680491,"vbs24-avs4","AVS","VERGE2",0.0
1706530680491,"vbs24-avs4","AVS","vitrivr1",15.09433962264151
1706530680491,"vbs24-avs4","AVS","vitrivr-VR1",83.0188679245283
1706530680491,"vbs24-avs4","AVS","VISIONE3",135.8490566037736
1706530680491,"vbs24-avs4","AVS","vitrivr4",94.33962264150944
1706530680491,"vbs24-avs4","AVS","VISIONE1",184.90566037735852
1706530680491,"vbs24-avs4","AVS","ViewsInsight1",105.66037735849054
1706530680491,"vbs24-avs4","AVS","VideoCLIP2",0.0
1706530680491,"vbs24-avs4","AVS","TalkSee2",49.056603773584904
1706530680491,"vbs24-avs4","AVS","VideoCLIP1",37.73584905660377
1706530680491,"vbs24-avs4","AVS","PraK1",94.33962264150941
1706530680491,"vbs24-avs4","AVS","diveXplore2",18.867924528301884
1706530680491,"vbs24-avs4","AVS","Vibro1",222.64150943396228
1706530680491,"vbs24-avs4","AVS","VISIONE4",105.66037735849055
1706530680491,"vbs24-avs4","AVS","VERGE1",0.0
1706530680491,"vbs24-avs4","AVS","vitrivr-VR2",33.9622641509434
1706530680491,"vbs24-avs4","AVS","PraK5",154.71698113207546
1706535612932,"vbs24-avs7","AVS","PraK2",0.0
1706535612932,"vbs24-avs7","AVS","Exquisitor2",0.0
1706535612932,"vbs24-avs7","AVS","vitrivr2",0.0
1706535612932,"vbs24-avs7","AVS","PraK4",0.0
1706535612932,"vbs24-avs7","AVS","Exquisitor1",0.0
1706535612932,"vbs24-avs7","AVS","ViewsInsight2",0.0
1706535612932,"vbs24-avs7","AVS","VIREO2",0.0
1706535612932,"vbs24-avs7","AVS","ViewsInsight3",0.0
1706535612932,"vbs24-avs7","AVS","diveXplore1",0.0
1706535612932,"vbs24-avs7","AVS","TalkSee1",0.0
1706535612932,"vbs24-avs7","AVS","vitrivr3",0.0
1706535612932,"vbs24-avs7","AVS","PraK3",0.0
1706535612932,"vbs24-avs7","AVS","VIREO1",500.0
1706535612932,"vbs24-avs7","AVS","Vibro2",0.0
1706535612932,"vbs24-avs7","AVS","VISIONE2",0.0
1706535612932,"vbs24-avs7","AVS","VERGE2",0.0
1706535612932,"vbs24-avs7","AVS","vitrivr1",0.0
1706535612932,"vbs24-avs7","AVS","vitrivr-VR1",0.0
1706535612932,"vbs24-avs7","AVS","VISIONE3",0.0
1706535612932,"vbs24-avs7","AVS","vitrivr4",0.0
1706535612932,"vbs24-avs7","AVS","VISIONE1",0.0
1706535612932,"vbs24-avs7","AVS","ViewsInsight1",0.0
1706535612932,"vbs24-avs7","AVS","VideoCLIP2",0.0
1706535612932,"vbs24-avs7","AVS","TalkSee2",0.0
1706535612932,"vbs24-avs7","AVS","VideoCLIP1",0.0
1706535612932,"vbs24-avs7","AVS","PraK1",0.0
1706535612932,"vbs24-avs7","AVS","diveXplore2",0.0
1706535612932,"vbs24-avs7","AVS","Vibro1",0.0
1706535612932,"vbs24-avs7","AVS","VISIONE4",0.0
1706535612932,"vbs24-avs7","AVS","VERGE1",400.0
1706535612932,"vbs24-avs7","AVS","vitrivr-VR2",0.0
1706535612932,"vbs24-avs7","AVS","PraK5",0.0
1706536061131,"vbs24-kis-v-lhe2","KISV","PraK2",0.0
1706536061131,"vbs24-kis-v-lhe2","KISV","Exquisitor2",0.0
1706536061131,"vbs24-kis-v-lhe2","KISV","vitrivr2",0.0
1706536061131,"vbs24-kis-v-lhe2","KISV","PraK4",0.0
1706536061131,"vbs24-kis-v-lhe2","KISV","Exquisitor1",0.0
1706536061131,"vbs24-kis-v-lhe2","KISV","ViewsInsight2",0.0
1706536061131,"vbs24-kis-v-lhe2","KISV","VIREO2",0.0
1706536061131,"vbs24-kis-v-lhe2","KISV","ViewsInsight3",0.0
1706536061131,"vbs24-kis-v-lhe2","KISV","diveXplore1",0.0
1706536061131,"vbs24-kis-v-lhe2","KISV","TalkSee1",0.0
1706536061131,"vbs24-kis-v-lhe2","KISV","vitrivr3",0.0
1706536061131,"vbs24-kis-v-lhe2","KISV","PraK3",0.0
1706536061131,"vbs24-kis-v-lhe2","KISV","VIREO1",0.0
1706536061131,"vbs24-kis-v-lhe2","KISV","Vibro2",0.0
1706536061131,"vbs24-kis-v-lhe2","KISV","VISIONE2",0.0
1706536061131,"vbs24-kis-v-lhe2","KISV","VERGE2",0.0
1706536061131,"vbs24-kis-v-lhe2","KISV","vitrivr1",0.0
1706536061131,"vbs24-kis-v-lhe2","KISV","vitrivr-VR1",0.0
1706536061131,"vbs24-kis-v-lhe2","KISV","VISIONE3",0.0
1706536061131,"vbs24-kis-v-lhe2","KISV","vitrivr4",0.0
1706536061131,"vbs24-kis-v-lhe2","KISV","VISIONE1",0.0
1706536061131,"vbs24-kis-v-lhe2","KISV","ViewsInsight1",0.0
1706536061131,"vbs24-kis-v-lhe2","KISV","VideoCLIP2",0.0
1706536061131,"vbs24-kis-v-lhe2","KISV","TalkSee2",0.0
1706536061131,"vbs24-kis-v-lhe2","KISV","VideoCLIP1",0.0
1706536061131,"vbs24-kis-v-lhe2","KISV","PraK1",0.0
1706536061131,"vbs24-kis-v-lhe2","KISV","diveXplore2",0.0
1706536061131,"vbs24-kis-v-lhe2","KISV","Vibro1",0.0
1706536061131,"vbs24-kis-v-lhe2","KISV","VISIONE4",0.0
1706536061131,"vbs24-kis-v-lhe2","KISV","VERGE1",0.0
1706536061131,"vbs24-kis-v-lhe2","KISV","vitrivr-VR2",501.21666666666664
1706536061131,"vbs24-kis-v-lhe2","KISV","PraK5",0.0
1706536457478,"vbs24-kis-v-mvk2","KISV","PraK2",913.9733333333334
1706536457478,"vbs24-kis-v-mvk2","KISV","Exquisitor2",0.0
1706536457478,"vbs24-kis-v-mvk2","KISV","vitrivr2",0.0
1706536457478,"vbs24-kis-v-mvk2","KISV","PraK4",656.1166666666667
1706536457478,"vbs24-kis-v-mvk2","KISV","Exquisitor1",0.0
1706536457478,"vbs24-kis-v-mvk2","KISV","ViewsInsight2",0.0
1706536457478,"vbs24-kis-v-mvk2","KISV","VIREO2",0.0
1706536457478,"vbs24-kis-v-mvk2","KISV","ViewsInsight3",0.0
1706536457478,"vbs24-kis-v-mvk2","KISV","diveXplore1",714.1416666666667
1706536457478,"vbs24-kis-v-mvk2","KISV","TalkSee1",907.7950000000001
1706536457478,"vbs24-kis-v-mvk2","KISV","vitrivr3",497.81
1706536457478,"vbs24-kis-v-mvk2","KISV","PraK3",0.0
1706536457478,"vbs24-kis-v-mvk2","KISV","VIREO1",595.54
1706536457478,"vbs24-kis-v-mvk2","KISV","Vibro2",0.0
1706536457478,"vbs24-kis-v-mvk2","KISV","VISIONE2",0.0
1706536457478,"vbs24-kis-v-mvk2","KISV","VERGE2",0.0
1706536457478,"vbs24-kis-v-mvk2","KISV","vitrivr1",0.0
1706536457478,"vbs24-kis-v-mvk2","KISV","vitrivr-VR1",746.4283333333334
1706536457478,"vbs24-kis-v-mvk2","KISV","VISIONE3",0.0
1706536457478,"vbs24-kis-v-mvk2","KISV","vitrivr4",0.0
1706536457478,"vbs24-kis-v-mvk2","KISV","VISIONE1",596.145
1706536457478,"vbs24-kis-v-mvk2","KISV","ViewsInsight1",450.16166666666663
1706536457478,"vbs24-kis-v-mvk2","KISV","VideoCLIP2",0.0
1706536457478,"vbs24-kis-v-mvk2","KISV","TalkSee2",919.7916666666667
1706536457478,"vbs24-kis-v-mvk2","KISV","VideoCLIP1",0.0
1706536457478,"vbs24-kis-v-mvk2","KISV","PraK1",0.0
1706536457478,"vbs24-kis-v-mvk2","KISV","diveXplore2",608.9833333333333
1706536457478,"vbs24-kis-v-mvk2","KISV","Vibro1",652.9666666666667
1706536457478,"vbs24-kis-v-mvk2","KISV","VISIONE4",0.0
1706536457478,"vbs24-kis-v-mvk2","KISV","VERGE1",0.0
1706536457478,"vbs24-kis-v-mvk2","KISV","vitrivr-VR2",0.0
1706536457478,"vbs24-kis-v-mvk2","KISV","PraK5",0.0
1706536852906,"vbs24-avs8","AVS","PraK2",217.0731707317073
1706536852906,"vbs24-avs8","AVS","Exquisitor2",0.0
1706536852906,"vbs24-avs8","AVS","vitrivr2",153.65853658536588
1706536852906,"vbs24-avs8","AVS","PraK4",495.121951219512
1706536852906,"vbs24-avs8","AVS","Exquisitor1",129.26829268292684
1706536852906,"vbs24-avs8","AVS","ViewsInsight2",380.48780487804885
1706536852906,"vbs24-avs8","AVS","VIREO2",512.1951219512196
1706536852906,"vbs24-avs8","AVS","ViewsInsight3",395.12195121951214
1706536852906,"vbs24-avs8","AVS","diveXplore1",212.1951219512196
1706536852906,"vbs24-avs8","AVS","TalkSee1",439.02439024390213
1706536852906,"vbs24-avs8","AVS","vitrivr3",214.63414634146346
1706536852906,"vbs24-avs8","AVS","PraK3",256.0975609756098
1706536852906,"vbs24-avs8","AVS","VIREO1",226.82926829268294
1706536852906,"vbs24-avs8","AVS","Vibro2",346.3414634146342
1706536852906,"vbs24-avs8","AVS","VISIONE2",358.5365853658537
1706536852906,"vbs24-avs8","AVS","VERGE2",202.43902439024393
1706536852906,"vbs24-avs8","AVS","vitrivr1",165.85365853658539
1706536852906,"vbs24-avs8","AVS","vitrivr-VR1",207.3170731707317
1706536852906,"vbs24-avs8","AVS","VISIONE3",314.63414634146346
1706536852906,"vbs24-avs8","AVS","vitrivr4",195.1219512195122
1706536852906,"vbs24-avs8","AVS","VISIONE1",414.6341463414634
1706536852906,"vbs24-avs8","AVS","ViewsInsight1",490.2439024390243
1706536852906,"vbs24-avs8","AVS","VideoCLIP2",0.0
1706536852906,"vbs24-avs8","AVS","TalkSee2",214.63414634146343
1706536852906,"vbs24-avs8","AVS","VideoCLIP1",265.8536585365854
1706536852906,"vbs24-avs8","AVS","PraK1",143.90243902439025
1706536852906,"vbs24-avs8","AVS","diveXplore2",109.7560975609756
1706536852906,"vbs24-avs8","AVS","Vibro1",290.24390243902445
1706536852906,"vbs24-avs8","AVS","VISIONE4",353.6585365853658
1706536852906,"vbs24-avs8","AVS","VERGE1",90.24390243902438
1706536852906,"vbs24-avs8","AVS","vitrivr-VR2",156.09756097560975
1706536852906,"vbs24-avs8","AVS","PraK5",263.4146341463415
1706537401201,"vbs24-qa3","QAS","PraK2",0.0
1706537401201,"vbs24-qa3","QAS","Exquisitor2",0.0
1706537401201,"vbs24-qa3","QAS","vitrivr2",0.0
1706537401201,"vbs24-qa3","QAS","PraK4",632.2383333333333
1706537401201,"vbs24-qa3","QAS","Exquisitor1",0.0
1706537401201,"vbs24-qa3","QAS","ViewsInsight2",762.8983333333333
1706537401201,"vbs24-qa3","QAS","VIREO2",762.6083333333333
1706537401201,"vbs24-qa3","QAS","ViewsInsight3",787.505
1706537401201,"vbs24-qa3","QAS","diveXplore1",793.7
1706537401201,"vbs24-qa3","QAS","TalkSee1",0.0
1706537401201,"vbs24-qa3","QAS","vitrivr3",593.96
1706537401201,"vbs24-qa3","QAS","PraK3",0.0
1706537401201,"vbs24-qa3","QAS","VIREO1",532.62
1706537401201,"vbs24-qa3","QAS","Vibro2",578.755
1706537401201,"vbs24-qa3","QAS","VISIONE2",691.7633333333333
1706537401201,"vbs24-qa3","QAS","VERGE2",0.0
1706537401201,"vbs24-qa3","QAS","vitrivr1",542.2633333333333
1706537401201,"vbs24-qa3","QAS","vitrivr-VR1",0.0
1706537401201,"vbs24-qa3","QAS","VISIONE3",699.2983333333334
1706537401201,"vbs24-qa3","QAS","vitrivr4",755.9483333333333
1706537401201,"vbs24-qa3","QAS","VISIONE1",706.8866666666667
1706537401201,"vbs24-qa3","QAS","ViewsInsight1",646.4033333333333
1706537401201,"vbs24-qa3","QAS","VideoCLIP2",0.0
1706537401201,"vbs24-qa3","QAS","TalkSee2",856.9716666666667
1706537401201,"vbs24-qa3","QAS","VideoCLIP1",0.0
1706537401201,"vbs24-qa3","QAS","PraK1",0.0
1706537401201,"vbs24-qa3","QAS","diveXplore2",785.7383333333333
1706537401201,"vbs24-qa3","QAS","Vibro1",704.6116666666667
1706537401201,"vbs24-qa3","QAS","VISIONE4",849.7216666666666
1706537401201,"vbs24-qa3","QAS","VERGE1",0.0
1706537401201,"vbs24-qa3","QAS","vitrivr-VR2",0.0
1706537401201,"vbs24-qa3","QAS","PraK5",579.2233333333334
1706537923190,"vbs24-kis-v-lhe3","KISV","PraK2",921.32
1706537923190,"vbs24-kis-v-lhe3","KISV","Exquisitor2",0.0
1706537923190,"vbs24-kis-v-lhe3","KISV","vitrivr2",784.0350000000001
1706537923190,"vbs24-kis-v-lhe3","KISV","PraK4",0.0
1706537923190,"vbs24-kis-v-lhe3","KISV","Exquisitor1",0.0
1706537923190,"vbs24-kis-v-lhe3","KISV","ViewsInsight2",541.155
1706537923190,"vbs24-kis-v-lhe3","KISV","VIREO2",0.0
1706537923190,"vbs24-kis-v-lhe3","KISV","ViewsInsight3",0.0
1706537923190,"vbs24-kis-v-lhe3","KISV","diveXplore1",775.0516666666667
1706537923190,"vbs24-kis-v-lhe3","KISV","TalkSee1",0.0
1706537923190,"vbs24-kis-v-lhe3","KISV","vitrivr3",738.0066666666667
1706537923190,"vbs24-kis-v-lhe3","KISV","PraK3",744.2233333333334
1706537923190,"vbs24-kis-v-lhe3","KISV","VIREO1",0.0
1706537923190,"vbs24-kis-v-lhe3","KISV","Vibro2",724.4416666666666
1706537923190,"vbs24-kis-v-lhe3","KISV","VISIONE2",862.3416666666667
1706537923190,"vbs24-kis-v-lhe3","KISV","VERGE2",0.0
1706537923190,"vbs24-kis-v-lhe3","KISV","vitrivr1",0.0
1706537923190,"vbs24-kis-v-lhe3","KISV","vitrivr-VR1",0.0
1706537923190,"vbs24-kis-v-lhe3","KISV","VISIONE3",0.0
1706537923190,"vbs24-kis-v-lhe3","KISV","vitrivr4",0.0
1706537923190,"vbs24-kis-v-lhe3","KISV","VISIONE1",649.8683333333333
1706537923190,"vbs24-kis-v-lhe3","KISV","ViewsInsight1",711.32
1706537923190,"vbs24-kis-v-lhe3","KISV","VideoCLIP2",0.0
1706537923190,"vbs24-kis-v-lhe3","KISV","TalkSee2",0.0
1706537923190,"vbs24-kis-v-lhe3","KISV","VideoCLIP1",0.0
1706537923190,"vbs24-kis-v-lhe3","KISV","PraK1",444.4183333333333
1706537923190,"vbs24-kis-v-lhe3","KISV","diveXplore2",679.9566666666667
1706537923190,"vbs24-kis-v-lhe3","KISV","Vibro1",822.9333333333333
1706537923190,"vbs24-kis-v-lhe3","KISV","VISIONE4",642.4616666666666
1706537923190,"vbs24-kis-v-lhe3","KISV","VERGE1",0.0
1706537923190,"vbs24-kis-v-lhe3","KISV","vitrivr-VR2",0.0
1706537923190,"vbs24-kis-v-lhe3","KISV","PraK5",803.2483333333333
1706538306072,"vbs24-kis-v-mvk3","KISV","PraK2",951.5333333333333
1706538306072,"vbs24-kis-v-mvk3","KISV","Exquisitor2",0.0
1706538306072,"vbs24-kis-v-mvk3","KISV","vitrivr2",868.3916666666667
1706538306072,"vbs24-kis-v-mvk3","KISV","PraK4",0.0
1706538306072,"vbs24-kis-v-mvk3","KISV","Exquisitor1",0.0
1706538306072,"vbs24-kis-v-mvk3","KISV","ViewsInsight2",886.8583333333333
1706538306072,"vbs24-kis-v-mvk3","KISV","VIREO2",871.7
1706538306072,"vbs24-kis-v-mvk3","KISV","ViewsInsight3",0.0
1706538306072,"vbs24-kis-v-mvk3","KISV","diveXplore1",0.0
1706538306072,"vbs24-kis-v-mvk3","KISV","TalkSee1",945.5533333333333
1706538306072,"vbs24-kis-v-mvk3","KISV","vitrivr3",0.0
1706538306072,"vbs24-kis-v-mvk3","KISV","PraK3",0.0
1706538306072,"vbs24-kis-v-mvk3","KISV","VIREO1",952.2166666666667
1706538306072,"vbs24-kis-v-mvk3","KISV","Vibro2",928.3166666666666
1706538306072,"vbs24-kis-v-mvk3","KISV","VISIONE2",935.9333333333334
1706538306072,"vbs24-kis-v-mvk3","KISV","VERGE2",884.185
1706538306072,"vbs24-kis-v-mvk3","KISV","vitrivr1",0.0
1706538306072,"vbs24-kis-v-mvk3","KISV","vitrivr-VR1",529.5466666666666
1706538306072,"vbs24-kis-v-mvk3","KISV","VISIONE3",896.48
1706538306072,"vbs24-kis-v-mvk3","KISV","vitrivr4",618.375
1706538306072,"vbs24-kis-v-mvk3","KISV","VISIONE1",814.0666666666666
1706538306072,"vbs24-kis-v-mvk3","KISV","ViewsInsight1",787.44
1706538306072,"vbs24-kis-v-mvk3","KISV","VideoCLIP2",0.0
1706538306072,"vbs24-kis-v-mvk3","KISV","TalkSee2",900.4133333333334
1706538306072,"vbs24-kis-v-mvk3","KISV","VideoCLIP1",419.5866666666667
1706538306072,"vbs24-kis-v-mvk3","KISV","PraK1",947.97
1706538306072,"vbs24-kis-v-mvk3","KISV","diveXplore2",0.0
1706538306072,"vbs24-kis-v-mvk3","KISV","Vibro1",965.8316666666667
1706538306072,"vbs24-kis-v-mvk3","KISV","VISIONE4",928.8883333333333
1706538306072,"vbs24-kis-v-mvk3","KISV","VERGE1",0.0
1706538306072,"vbs24-kis-v-mvk3","KISV","vitrivr-VR2",876.5533333333333
1706538306072,"vbs24-kis-v-mvk3","KISV","PraK5",916.7766666666666
1706538672440,"vbs24-kis-t6","KIST","PraK2",588.2869047619048
1706538672440,"vbs24-kis-t6","KIST","Exquisitor2",0.0
1706538672440,"vbs24-kis-t6","KIST","vitrivr2",0.0
1706538672440,"vbs24-kis-t6","KIST","PraK4",0.0
1706538672440,"vbs24-kis-t6","KIST","Exquisitor1",0.0
1706538672440,"vbs24-kis-t6","KIST","ViewsInsight2",851.6345238095239
1706538672440,"vbs24-kis-t6","KIST","VIREO2",0.0
1706538672440,"vbs24-kis-t6","KIST","ViewsInsight3",0.0
1706538672440,"vbs24-kis-t6","KIST","diveXplore1",344.2619047619048
1706538672440,"vbs24-kis-t6","KIST","TalkSee1",0.0
1706538672440,"vbs24-kis-t6","KIST","vitrivr3",0.0
1706538672440,"vbs24-kis-t6","KIST","PraK3",0.0
1706538672440,"vbs24-kis-t6","KIST","VIREO1",0.0
1706538672440,"vbs24-kis-t6","KIST","Vibro2",0.0
1706538672440,"vbs24-kis-t6","KIST","VISIONE2",0.0
1706538672440,"vbs24-kis-t6","KIST","VERGE2",0.0
1706538672440,"vbs24-kis-t6","KIST","vitrivr1",0.0
1706538672440,"vbs24-kis-t6","KIST","vitrivr-VR1",0.0
1706538672440,"vbs24-kis-t6","KIST","VISIONE3",0.0
1706538672440,"vbs24-kis-t6","KIST","vitrivr4",0.0
1706538672440,"vbs24-kis-t6","KIST","VISIONE1",0.0
1706538672440,"vbs24-kis-t6","KIST","ViewsInsight1",830.7964285714286
1706538672440,"vbs24-kis-t6","KIST","VideoCLIP2",0.0
1706538672440,"vbs24-kis-t6","KIST","TalkSee2",0.0
1706538672440,"vbs24-kis-t6","KIST","VideoCLIP1",0.0
1706538672440,"vbs24-kis-t6","KIST","PraK1",0.0
1706538672440,"vbs24-kis-t6","KIST","diveXplore2",510.18690476190477
1706538672440,"vbs24-kis-t6","KIST","Vibro1",0.0
1706538672440,"vbs24-kis-t6","KIST","VISIONE4",0.0
1706538672440,"vbs24-kis-t6","KIST","VERGE1",0.0
1706538672440,"vbs24-kis-t6","KIST","vitrivr-VR2",0.0
1706538672440,"vbs24-kis-t6","KIST","PraK5",0.0
1706539209348,"vbs24-qa4","QAS","PraK2",606.0916666666667
1706539209348,"vbs24-qa4","QAS","Exquisitor2",0.0
1706539209348,"vbs24-qa4","QAS","vitrivr2",0.0
1706539209348,"vbs24-qa4","QAS","PraK4",697.835
1706539209348,"vbs24-qa4","QAS","Exquisitor1",0.0
1706539209348,"vbs24-qa4","QAS","ViewsInsight2",719.29
1706539209348,"vbs24-qa4","QAS","VIREO2",904.3
1706539209348,"vbs24-qa4","QAS","ViewsInsight3",460.0333333333333
1706539209348,"vbs24-qa4","QAS","diveXplore1",845.175
1706539209348,"vbs24-qa4","QAS","TalkSee1",706.0983333333334
1706539209348,"vbs24-qa4","QAS","vitrivr3",0.0
1706539209348,"vbs24-qa4","QAS","PraK3",896.8233333333333
1706539209348,"vbs24-qa4","QAS","VIREO1",740.6066666666667
1706539209348,"vbs24-qa4","QAS","Vibro2",704.875
1706539209348,"vbs24-qa4","QAS","VISIONE2",825.3183333333334
1706539209348,"vbs24-qa4","QAS","VERGE2",0.0
1706539209348,"vbs24-qa4","QAS","vitrivr1",0.0
1706539209348,"vbs24-qa4","QAS","vitrivr-VR1",764.8533333333334
1706539209348,"vbs24-qa4","QAS","VISIONE3",533.9133333333333
1706539209348,"vbs24-qa4","QAS","vitrivr4",0.0
1706539209348,"vbs24-qa4","QAS","VISIONE1",594.0
1706539209348,"vbs24-qa4","QAS","ViewsInsight1",720.6283333333333
1706539209348,"vbs24-qa4","QAS","VideoCLIP2",0.0
1706539209348,"vbs24-qa4","QAS","TalkSee2",617.86
1706539209348,"vbs24-qa4","QAS","VideoCLIP1",0.0
1706539209348,"vbs24-qa4","QAS","PraK1",636.2916666666666
1706539209348,"vbs24-qa4","QAS","diveXplore2",812.005
1706539209348,"vbs24-qa4","QAS","Vibro1",758.1483333333333
1706539209348,"vbs24-qa4","QAS","VISIONE4",899.595
1706539209348,"vbs24-qa4","QAS","VERGE1",776.8733333333332
1706539209348,"vbs24-qa4","QAS","vitrivr-VR2",557.7683333333333
1706539209348,"vbs24-qa4","QAS","PraK5",592.35
1706539717338,"vbs24-kis-t7","KIST","PraK2",0.0
1706539717338,"vbs24-kis-t7","KIST","Exquisitor2",0.0
1706539717338,"vbs24-kis-t7","KIST","vitrivr2",0.0
1706539717338,"vbs24-kis-t7","KIST","PraK4",0.0
1706539717338,"vbs24-kis-t7","KIST","Exquisitor1",0.0
1706539717338,"vbs24-kis-t7","KIST","ViewsInsight2",0.0
1706539717338,"vbs24-kis-t7","KIST","VIREO2",0.0
1706539717338,"vbs24-kis-t7","KIST","ViewsInsight3",502.2511904761905
1706539717338,"vbs24-kis-t7","KIST","diveXplore1",0.0
1706539717338,"vbs24-kis-t7","KIST","TalkSee1",637.822619047619
1706539717338,"vbs24-kis-t7","KIST","vitrivr3",0.0
1706539717338,"vbs24-kis-t7","KIST","PraK3",0.0
1706539717338,"vbs24-kis-t7","KIST","VIREO1",0.0
1706539717338,"vbs24-kis-t7","KIST","Vibro2",0.0
1706539717338,"vbs24-kis-t7","KIST","VISIONE2",0.0
1706539717338,"vbs24-kis-t7","KIST","VERGE2",0.0
1706539717338,"vbs24-kis-t7","KIST","vitrivr1",0.0
1706539717338,"vbs24-kis-t7","KIST","vitrivr-VR1",0.0
1706539717338,"vbs24-kis-t7","KIST","VISIONE3",646.6833333333334
1706539717338,"vbs24-kis-t7","KIST","vitrivr4",0.0
1706539717338,"vbs24-kis-t7","KIST","VISIONE1",0.0
1706539717338,"vbs24-kis-t7","KIST","ViewsInsight1",0.0
1706539717338,"vbs24-kis-t7","KIST","VideoCLIP2",0.0
1706539717338,"vbs24-kis-t7","KIST","TalkSee2",516.8202380952381
1706539717338,"vbs24-kis-t7","KIST","VideoCLIP1",0.0
1706539717338,"vbs24-kis-t7","KIST","PraK1",0.0
1706539717338,"vbs24-kis-t7","KIST","diveXplore2",0.0
1706539717338,"vbs24-kis-t7","KIST","Vibro1",791.3726190476191
1706539717338,"vbs24-kis-t7","KIST","VISIONE4",717.2345238095238
1706539717338,"vbs24-kis-t7","KIST","VERGE1",0.0
1706539717338,"vbs24-kis-t7","KIST","vitrivr-VR2",0.0
1706539717338,"vbs24-kis-t7","KIST","PraK5",471.347619047619
1706542559140,"vbs24-kis-v2","KISV","PraK2",896.6483333333333
1706542559140,"vbs24-kis-v2","KISV","Exquisitor2",0.0
1706542559140,"vbs24-kis-v2","KISV","vitrivr2",712.0116666666667
1706542559140,"vbs24-kis-v2","KISV","PraK4",622.4816666666667
1706542559140,"vbs24-kis-v2","KISV","Exquisitor1",852.1516666666666
1706542559140,"vbs24-kis-v2","KISV","ViewsInsight2",581.9250000000001
1706542559140,"vbs24-kis-v2","KISV","VIREO2",0.0
1706542559140,"vbs24-kis-v2","KISV","ViewsInsight3",608.0383333333333
1706542559140,"vbs24-kis-v2","KISV","diveXplore1",0.0
1706542559140,"vbs24-kis-v2","KISV","TalkSee1",0.0
1706542559140,"vbs24-kis-v2","KISV","vitrivr3",912.2516666666667
1706542559140,"vbs24-kis-v2","KISV","PraK3",739.2733333333333
1706542559140,"vbs24-kis-v2","KISV","VIREO1",0.0
1706542559140,"vbs24-kis-v2","KISV","Vibro2",561.8000000000001
1706542559140,"vbs24-kis-v2","KISV","VISIONE2",842.7449999999999
1706542559140,"vbs24-kis-v2","KISV","VERGE2",819.0716666666667
1706542559140,"vbs24-kis-v2","KISV","vitrivr1",0.0
1706542559140,"vbs24-kis-v2","KISV","vitrivr-VR1",0.0
1706542559140,"vbs24-kis-v2","KISV","VISIONE3",892.1816666666666
1706542559140,"vbs24-kis-v2","KISV","vitrivr4",739.3166666666667
1706542559140,"vbs24-kis-v2","KISV","VISIONE1",688.505
1706542559140,"vbs24-kis-v2","KISV","ViewsInsight1",693.3866666666667
1706542559140,"vbs24-kis-v2","KISV","VideoCLIP2",0.0
1706542559140,"vbs24-kis-v2","KISV","TalkSee2",0.0
1706542559140,"vbs24-kis-v2","KISV","VideoCLIP1",0.0
1706542559140,"vbs24-kis-v2","KISV","PraK1",884.0983333333334
1706542559140,"vbs24-kis-v2","KISV","diveXplore2",0.0
1706542559140,"vbs24-kis-v2","KISV","Vibro1",735.3716666666667
1706542559140,"vbs24-kis-v2","KISV","VISIONE4",846.955
1706542559140,"vbs24-kis-v2","KISV","VERGE1",819.26
1706542559140,"vbs24-kis-v2","KISV","vitrivr-VR2",0.0
1706542559140,"vbs24-kis-v2","KISV","PraK5",849.6133333333333
1706542925560,"vbs24-avs8","AVS","PraK2",0.0
1706542925560,"vbs24-avs8","AVS","Exquisitor2",0.0
1706542925560,"vbs24-avs8","AVS","vitrivr2",0.0
1706542925560,"vbs24-avs8","AVS","PraK4",0.0
1706542925560,"vbs24-avs8","AVS","Exquisitor1",0.0
1706542925560,"vbs24-avs8","AVS","ViewsInsight2",0.0
1706542925560,"vbs24-avs8","AVS","VIREO2",0.0
1706542925560,"vbs24-avs8","AVS","ViewsInsight3",0.0
1706542925560,"vbs24-avs8","AVS","diveXplore1",0.0
1706542925560,"vbs24-avs8","AVS","TalkSee1",0.0
1706542925560,"vbs24-avs8","AVS","vitrivr3",0.0
1706542925560,"vbs24-avs8","AVS","PraK3",0.0
1706542925560,"vbs24-avs8","AVS","VIREO1",0.0
1706542925560,"vbs24-avs8","AVS","Vibro2",0.0
1706542925560,"vbs24-avs8","AVS","VISIONE2",0.0
1706542925560,"vbs24-avs8","AVS","VERGE2",0.0
1706542925560,"vbs24-avs8","AVS","vitrivr1",0.0
1706542925560,"vbs24-avs8","AVS","vitrivr-VR1",0.0
1706542925560,"vbs24-avs8","AVS","VISIONE3",0.0
1706542925560,"vbs24-avs8","AVS","vitrivr4",0.0
1706542925560,"vbs24-avs8","AVS","VISIONE1",0.0
1706542925560,"vbs24-avs8","AVS","ViewsInsight1",0.0
1706542925560,"vbs24-avs8","AVS","VideoCLIP2",0.0
1706542925560,"vbs24-avs8","AVS","TalkSee2",0.0
1706542925560,"vbs24-avs8","AVS","VideoCLIP1",0.0
1706542925560,"vbs24-avs8","AVS","PraK1",0.0
1706542925560,"vbs24-avs8","AVS","diveXplore2",0.0
1706542925560,"vbs24-avs8","AVS","Vibro1",0.0
1706542925560,"vbs24-avs8","AVS","VISIONE4",0.0
1706542925560,"vbs24-avs8","AVS","VERGE1",0.0
1706542925560,"vbs24-avs8","AVS","vitrivr-VR2",0.0
1706542925560,"vbs24-avs8","AVS","PraK5",0.0
1706542978087,"vbs24-avs9","AVS","PraK2",0.0
1706542978087,"vbs24-avs9","AVS","Exquisitor2",0.0
1706542978087,"vbs24-avs9","AVS","vitrivr2",0.0
1706542978087,"vbs24-avs9","AVS","PraK4",0.0
1706542978087,"vbs24-avs9","AVS","Exquisitor1",0.0
1706542978087,"vbs24-avs9","AVS","ViewsInsight2",0.0
1706542978087,"vbs24-avs9","AVS","VIREO2",0.0
1706542978087,"vbs24-avs9","AVS","ViewsInsight3",0.0
1706542978087,"vbs24-avs9","AVS","diveXplore1",0.0
1706542978087,"vbs24-avs9","AVS","TalkSee1",0.0
1706542978087,"vbs24-avs9","AVS","vitrivr3",0.0
1706542978087,"vbs24-avs9","AVS","PraK3",0.0
1706542978087,"vbs24-avs9","AVS","VIREO1",0.0
1706542978087,"vbs24-avs9","AVS","Vibro2",0.0
1706542978087,"vbs24-avs9","AVS","VISIONE2",0.0
1706542978087,"vbs24-avs9","AVS","VERGE2",0.0
1706542978087,"vbs24-avs9","AVS","vitrivr1",0.0
1706542978087,"vbs24-avs9","AVS","vitrivr-VR1",0.0
1706542978087,"vbs24-avs9","AVS","VISIONE3",0.0
1706542978087,"vbs24-avs9","AVS","vitrivr4",0.0
1706542978087,"vbs24-avs9","AVS","VISIONE1",0.0
1706542978087,"vbs24-avs9","AVS","ViewsInsight1",0.0
1706542978087,"vbs24-avs9","AVS","VideoCLIP2",0.0
1706542978087,"vbs24-avs9","AVS","TalkSee2",0.0
1706542978087,"vbs24-avs9","AVS","VideoCLIP1",0.0
1706542978087,"vbs24-avs9","AVS","PraK1",0.0
1706542978087,"vbs24-avs9","AVS","diveXplore2",0.0
1706542978087,"vbs24-avs9","AVS","Vibro1",0.0
1706542978087,"vbs24-avs9","AVS","VISIONE4",0.0
1706542978087,"vbs24-avs9","AVS","VERGE1",0.0
1706542978087,"vbs24-avs9","AVS","vitrivr-VR2",0.0
1706542978087,"vbs24-avs9","AVS","PraK5",0.0
1706543009605,"vbs24-avs9","AVS","PraK2",206.77966101694915
1706543009605,"vbs24-avs9","AVS","Exquisitor2",0.0
1706543009605,"vbs24-avs9","AVS","vitrivr2",128.81355932203385
1706543009605,"vbs24-avs9","AVS","PraK4",267.7966101694916
1706543009605,"vbs24-avs9","AVS","Exquisitor1",64.40677966101694
1706543009605,"vbs24-avs9","AVS","ViewsInsight2",74.57627118644066
1706543009605,"vbs24-avs9","AVS","VIREO2",0.0
1706543009605,"vbs24-avs9","AVS","ViewsInsight3",44.06779661016949
1706543009605,"vbs24-avs9","AVS","diveXplore1",203.3898305084746
1706543009605,"vbs24-avs9","AVS","TalkSee1",40.677966101694906
1706543009605,"vbs24-avs9","AVS","vitrivr3",81.35593220338983
1706543009605,"vbs24-avs9","AVS","PraK3",203.3898305084746
1706543009605,"vbs24-avs9","AVS","VIREO1",108.47457627118644
1706543009605,"vbs24-avs9","AVS","Vibro2",44.06779661016948
1706543009605,"vbs24-avs9","AVS","VISIONE2",261.01694915254234
1706543009605,"vbs24-avs9","AVS","VERGE2",64.40677966101694
1706543009605,"vbs24-avs9","AVS","vitrivr1",132.20338983050848
1706543009605,"vbs24-avs9","AVS","vitrivr-VR1",162.71186440677968
1706543009605,"vbs24-avs9","AVS","VISIONE3",230.50847457627123
1706543009605,"vbs24-avs9","AVS","vitrivr4",105.08474576271188
1706543009605,"vbs24-avs9","AVS","VISIONE1",203.3898305084746
1706543009605,"vbs24-avs9","AVS","ViewsInsight1",101.69491525423727
1706543009605,"vbs24-avs9","AVS","VideoCLIP2",0.0
1706543009605,"vbs24-avs9","AVS","TalkSee2",132.20338983050846
1706543009605,"vbs24-avs9","AVS","VideoCLIP1",88.13559322033896
1706543009605,"vbs24-avs9","AVS","PraK1",159.3220338983051
1706543009605,"vbs24-avs9","AVS","diveXplore2",67.79661016949153
1706543009605,"vbs24-avs9","AVS","Vibro1",189.83050847457628
1706543009605,"vbs24-avs9","AVS","VISIONE4",233.89830508474577
1706543009605,"vbs24-avs9","AVS","VERGE1",74.57627118644068
1706543009605,"vbs24-avs9","AVS","vitrivr-VR2",149.15254237288136
1706543009605,"vbs24-avs9","AVS","PraK5",230.50847457627123
1706543369242,"vbs24-kis-t8","KIST","PraK2",914.1940476190475
1706543369242,"vbs24-kis-t8","KIST","Exquisitor2",0.0
1706543369242,"vbs24-kis-t8","KIST","vitrivr2",927.472619047619
1706543369242,"vbs24-kis-t8","KIST","PraK4",950.2369047619047
1706543369242,"vbs24-kis-t8","KIST","Exquisitor1",535.0297619047619
1706543369242,"vbs24-kis-t8","KIST","ViewsInsight2",916.8285714285714
1706543369242,"vbs24-kis-t8","KIST","VIREO2",0.0
1706543369242,"vbs24-kis-t8","KIST","ViewsInsight3",898.9464285714287
1706543369242,"vbs24-kis-t8","KIST","diveXplore1",463.8690476190477
1706543369242,"vbs24-kis-t8","KIST","TalkSee1",0.0
1706543369242,"vbs24-kis-t8","KIST","vitrivr3",886.7845238095238
1706543369242,"vbs24-kis-t8","KIST","PraK3",868.3380952380953
1706543369242,"vbs24-kis-t8","KIST","VIREO1",201.89761904761906
1706543369242,"vbs24-kis-t8","KIST","Vibro2",885.5083333333333
1706543369242,"vbs24-kis-t8","KIST","VISIONE2",902.5119047619048
1706543369242,"vbs24-kis-t8","KIST","VERGE2",0.0
1706543369242,"vbs24-kis-t8","KIST","vitrivr1",370.13928571428573
1706543369242,"vbs24-kis-t8","KIST","vitrivr-VR1",704.4440476190476
1706543369242,"vbs24-kis-t8","KIST","VISIONE3",680.8047619047619
1706543369242,"vbs24-kis-t8","KIST","vitrivr4",922.6678571428572
1706543369242,"vbs24-kis-t8","KIST","VISIONE1",881.9285714285713
1706543369242,"vbs24-kis-t8","KIST","ViewsInsight1",908.4
1706543369242,"vbs24-kis-t8","KIST","VideoCLIP2",0.0
1706543369242,"vbs24-kis-t8","KIST","TalkSee2",0.0
1706543369242,"vbs24-kis-t8","KIST","VideoCLIP1",596.2178571428572
1706543369242,"vbs24-kis-t8","KIST","PraK1",920.2273809523809
1706543369242,"vbs24-kis-t8","KIST","diveXplore2",602.1357142857142
1706543369242,"vbs24-kis-t8","KIST","Vibro1",858.0690476190476
1706543369242,"vbs24-kis-t8","KIST","VISIONE4",545.1690476190477
1706543369242,"vbs24-kis-t8","KIST","VERGE1",0.0
1706543369242,"vbs24-kis-t8","KIST","vitrivr-VR2",823.7952380952381
1706543369242,"vbs24-kis-t8","KIST","PraK5",890.0571428571429
1706543973893,"vbs24-qa5","QAS","PraK2",776.44
1706543973893,"vbs24-qa5","QAS","Exquisitor2",0.0
1706543973893,"vbs24-qa5","QAS","vitrivr2",627.9466666666667
1706543973893,"vbs24-qa5","QAS","PraK4",716.56
1706543973893,"vbs24-qa5","QAS","Exquisitor1",0.0
1706543973893,"vbs24-qa5","QAS","ViewsInsight2",471.1866666666667
1706543973893,"vbs24-qa5","QAS","VIREO2",0.0
1706543973893,"vbs24-qa5","QAS","ViewsInsight3",747.1583333333333
1706543973893,"vbs24-qa5","QAS","diveXplore1",629.1583333333333
1706543973893,"vbs24-qa5","QAS","TalkSee1",764.5383333333333
1706543973893,"vbs24-qa5","QAS","vitrivr3",0.0
1706543973893,"vbs24-qa5","QAS","PraK3",790.695
1706543973893,"vbs24-qa5","QAS","VIREO1",0.0
1706543973893,"vbs24-qa5","QAS","Vibro2",746.46
1706543973893,"vbs24-qa5","QAS","VISIONE2",650.8233333333333
1706543973893,"vbs24-qa5","QAS","VERGE2",618.3783333333333
1706543973893,"vbs24-qa5","QAS","vitrivr1",0.0
1706543973893,"vbs24-qa5","QAS","vitrivr-VR1",0.0
1706543973893,"vbs24-qa5","QAS","VISIONE3",0.0
1706543973893,"vbs24-qa5","QAS","vitrivr4",558.0783333333334
1706543973893,"vbs24-qa5","QAS","VISIONE1",847.7850000000001
1706543973893,"vbs24-qa5","QAS","ViewsInsight1",425.875
1706543973893,"vbs24-qa5","QAS","VideoCLIP2",0.0
1706543973893,"vbs24-qa5","QAS","TalkSee2",776.1166666666667
1706543973893,"vbs24-qa5","QAS","VideoCLIP1",0.0
1706543973893,"vbs24-qa5","QAS","PraK1",698.3
1706543973893,"vbs24-qa5","QAS","diveXplore2",623.7816666666666
1706543973893,"vbs24-qa5","QAS","Vibro1",772.9666666666667
1706543973893,"vbs24-qa5","QAS","VISIONE4",0.0
1706543973893,"vbs24-qa5","QAS","VERGE1",0.0
1706543973893,"vbs24-qa5","QAS","vitrivr-VR2",0.0
1706543973893,"vbs24-qa5","QAS","PraK5",801.155
1706545208118,"vbs24-kis-v29_QN","KISV_NOVICE (Imported)","PraK2",0.0
1706545208118,"vbs24-kis-v29_QN","KISV_NOVICE (Imported)","Exquisitor2",0.0
1706545208118,"vbs24-kis-v29_QN","KISV_NOVICE (Imported)","vitrivr2",0.0
1706545208118,"vbs24-kis-v29_QN","KISV_NOVICE (Imported)","PraK4",0.0
1706545208118,"vbs24-kis-v29_QN","KISV_NOVICE (Imported)","Exquisitor1",0.0
1706545208118,"vbs24-kis-v29_QN","KISV_NOVICE (Imported)","ViewsInsight2",0.0
1706545208118,"vbs24-kis-v29_QN","KISV_NOVICE (Imported)","VIREO2",0.0
1706545208118,"vbs24-kis-v29_QN","KISV_NOVICE (Imported)","ViewsInsight3",0.0
1706545208118,"vbs24-kis-v29_QN","KISV_NOVICE (Imported)","diveXplore1",0.0
1706545208118,"vbs24-kis-v29_QN","KISV_NOVICE (Imported)","TalkSee1",0.0
1706545208118,"vbs24-kis-v29_QN","KISV_NOVICE (Imported)","vitrivr3",0.0
1706545208118,"vbs24-kis-v29_QN","KISV_NOVICE (Imported)","PraK3",0.0
1706545208118,"vbs24-kis-v29_QN","KISV_NOVICE (Imported)","VIREO1",0.0
1706545208118,"vbs24-kis-v29_QN","KISV_NOVICE (Imported)","Vibro2",0.0
1706545208118,"vbs24-kis-v29_QN","KISV_NOVICE (Imported)","VISIONE2",0.0
1706545208118,"vbs24-kis-v29_QN","KISV_NOVICE (Imported)","VERGE2",0.0
1706545208118,"vbs24-kis-v29_QN","KISV_NOVICE (Imported)","vitrivr1",0.0
1706545208118,"vbs24-kis-v29_QN","KISV_NOVICE (Imported)","vitrivr-VR1",0.0
1706545208118,"vbs24-kis-v29_QN","KISV_NOVICE (Imported)","VISIONE3",0.0
1706545208118,"vbs24-kis-v29_QN","KISV_NOVICE (Imported)","vitrivr4",0.0
1706545208118,"vbs24-kis-v29_QN","KISV_NOVICE (Imported)","VISIONE1",539.5916666666667
1706545208118,"vbs24-kis-v29_QN","KISV_NOVICE (Imported)","ViewsInsight1",0.0
1706545208118,"vbs24-kis-v29_QN","KISV_NOVICE (Imported)","VideoCLIP2",0.0
1706545208118,"vbs24-kis-v29_QN","KISV_NOVICE (Imported)","TalkSee2",618.795
1706545208118,"vbs24-kis-v29_QN","KISV_NOVICE (Imported)","VideoCLIP1",0.0
1706545208118,"vbs24-kis-v29_QN","KISV_NOVICE (Imported)","PraK1",0.0
1706545208118,"vbs24-kis-v29_QN","KISV_NOVICE (Imported)","diveXplore2",0.0
1706545208118,"vbs24-kis-v29_QN","KISV_NOVICE (Imported)","Vibro1",0.0
1706545208118,"vbs24-kis-v29_QN","KISV_NOVICE (Imported)","VISIONE4",0.0
1706545208118,"vbs24-kis-v29_QN","KISV_NOVICE (Imported)","VERGE1",0.0
1706545208118,"vbs24-kis-v29_QN","KISV_NOVICE (Imported)","vitrivr-VR2",0.0
1706545208118,"vbs24-kis-v29_QN","KISV_NOVICE (Imported)","PraK5",0.0
1706545629985,"vbs24-kis-v3_N","KISV_NOVICE (Imported)","PraK2",0.0
1706545629985,"vbs24-kis-v3_N","KISV_NOVICE (Imported)","Exquisitor2",0.0
1706545629985,"vbs24-kis-v3_N","KISV_NOVICE (Imported)","vitrivr2",0.0
1706545629985,"vbs24-kis-v3_N","KISV_NOVICE (Imported)","PraK4",757.46
1706545629985,"vbs24-kis-v3_N","KISV_NOVICE (Imported)","Exquisitor1",771.9516666666667
1706545629985,"vbs24-kis-v3_N","KISV_NOVICE (Imported)","ViewsInsight2",0.0
1706545629985,"vbs24-kis-v3_N","KISV_NOVICE (Imported)","VIREO2",0.0
1706545629985,"vbs24-kis-v3_N","KISV_NOVICE (Imported)","ViewsInsight3",0.0
1706545629985,"vbs24-kis-v3_N","KISV_NOVICE (Imported)","diveXplore1",859.3766666666667
1706545629985,"vbs24-kis-v3_N","KISV_NOVICE (Imported)","TalkSee1",0.0
1706545629985,"vbs24-kis-v3_N","KISV_NOVICE (Imported)","vitrivr3",0.0
1706545629985,"vbs24-kis-v3_N","KISV_NOVICE (Imported)","PraK3",0.0
1706545629985,"vbs24-kis-v3_N","KISV_NOVICE (Imported)","VIREO1",0.0
1706545629985,"vbs24-kis-v3_N","KISV_NOVICE (Imported)","Vibro2",662.7116666666667
1706545629985,"vbs24-kis-v3_N","KISV_NOVICE (Imported)","VISIONE2",0.0
1706545629985,"vbs24-kis-v3_N","KISV_NOVICE (Imported)","VERGE2",0.0
1706545629985,"vbs24-kis-v3_N","KISV_NOVICE (Imported)","vitrivr1",0.0
1706545629985,"vbs24-kis-v3_N","KISV_NOVICE (Imported)","vitrivr-VR1",0.0
1706545629985,"vbs24-kis-v3_N","KISV_NOVICE (Imported)","VISIONE3",0.0
1706545629985,"vbs24-kis-v3_N","KISV_NOVICE (Imported)","vitrivr4",0.0
1706545629985,"vbs24-kis-v3_N","KISV_NOVICE (Imported)","VISIONE1",808.1883333333333
1706545629985,"vbs24-kis-v3_N","KISV_NOVICE (Imported)","ViewsInsight1",0.0
1706545629985,"vbs24-kis-v3_N","KISV_NOVICE (Imported)","VideoCLIP2",0.0
1706545629985,"vbs24-kis-v3_N","KISV_NOVICE (Imported)","TalkSee2",0.0
1706545629985,"vbs24-kis-v3_N","KISV_NOVICE (Imported)","VideoCLIP1",0.0
1706545629985,"vbs24-kis-v3_N","KISV_NOVICE (Imported)","PraK1",0.0
1706545629985,"vbs24-kis-v3_N","KISV_NOVICE (Imported)","diveXplore2",0.0
1706545629985,"vbs24-kis-v3_N","KISV_NOVICE (Imported)","Vibro1",0.0
1706545629985,"vbs24-kis-v3_N","KISV_NOVICE (Imported)","VISIONE4",0.0
1706545629985,"vbs24-kis-v3_N","KISV_NOVICE (Imported)","VERGE1",0.0
1706545629985,"vbs24-kis-v3_N","KISV_NOVICE (Imported)","vitrivr-VR2",0.0
1706545629985,"vbs24-kis-v3_N","KISV_NOVICE (Imported)","PraK5",0.0
1706546008851,"vbs24-avs1_N","AVS_NOVICE (Imported)","PraK2",0.0
1706546008851,"vbs24-avs1_N","AVS_NOVICE (Imported)","Exquisitor2",0.0
1706546008851,"vbs24-avs1_N","AVS_NOVICE (Imported)","vitrivr2",0.0
1706546008851,"vbs24-avs1_N","AVS_NOVICE (Imported)","PraK4",110.3448275862068
1706546008851,"vbs24-avs1_N","AVS_NOVICE (Imported)","Exquisitor1",62.06896551724138
1706546008851,"vbs24-avs1_N","AVS_NOVICE (Imported)","ViewsInsight2",0.0
1706546008851,"vbs24-avs1_N","AVS_NOVICE (Imported)","VIREO2",0.0
1706546008851,"vbs24-avs1_N","AVS_NOVICE (Imported)","ViewsInsight3",48.27586206896552
1706546008851,"vbs24-avs1_N","AVS_NOVICE (Imported)","diveXplore1",165.51724137931032
1706546008851,"vbs24-avs1_N","AVS_NOVICE (Imported)","TalkSee1",0.0
1706546008851,"vbs24-avs1_N","AVS_NOVICE (Imported)","vitrivr3",0.0
1706546008851,"vbs24-avs1_N","AVS_NOVICE (Imported)","PraK3",0.0
1706546008851,"vbs24-avs1_N","AVS_NOVICE (Imported)","VIREO1",0.0
1706546008851,"vbs24-avs1_N","AVS_NOVICE (Imported)","Vibro2",344.82758620689657
1706546008851,"vbs24-avs1_N","AVS_NOVICE (Imported)","VISIONE2",0.0
1706546008851,"vbs24-avs1_N","AVS_NOVICE (Imported)","VERGE2",0.0
1706546008851,"vbs24-avs1_N","AVS_NOVICE (Imported)","vitrivr1",0.0
1706546008851,"vbs24-avs1_N","AVS_NOVICE (Imported)","vitrivr-VR1",0.0
1706546008851,"vbs24-avs1_N","AVS_NOVICE (Imported)","VISIONE3",0.0
1706546008851,"vbs24-avs1_N","AVS_NOVICE (Imported)","vitrivr4",0.0
1706546008851,"vbs24-avs1_N","AVS_NOVICE (Imported)","VISIONE1",262.06896551724134
1706546008851,"vbs24-avs1_N","AVS_NOVICE (Imported)","ViewsInsight1",0.0
1706546008851,"vbs24-avs1_N","AVS_NOVICE (Imported)","VideoCLIP2",0.0
1706546008851,"vbs24-avs1_N","AVS_NOVICE (Imported)","TalkSee2",0.0
1706546008851,"vbs24-avs1_N","AVS_NOVICE (Imported)","VideoCLIP1",0.0
1706546008851,"vbs24-avs1_N","AVS_NOVICE (Imported)","PraK1",0.0
1706546008851,"vbs24-avs1_N","AVS_NOVICE (Imported)","diveXplore2",0.0
1706546008851,"vbs24-avs1_N","AVS_NOVICE (Imported)","Vibro1",0.0
1706546008851,"vbs24-avs1_N","AVS_NOVICE (Imported)","VISIONE4",0.0
1706546008851,"vbs24-avs1_N","AVS_NOVICE (Imported)","VERGE1",103.44827586206897
1706546008851,"vbs24-avs1_N","AVS_NOVICE (Imported)","vitrivr-VR2",0.0
1706546008851,"vbs24-avs1_N","AVS_NOVICE (Imported)","PraK5",0.0
1706546405555,"vbs24-qa6_N","QAS_NOVICE (Imported)","PraK2",0.0
1706546405555,"vbs24-qa6_N","QAS_NOVICE (Imported)","Exquisitor2",0.0
1706546405555,"vbs24-qa6_N","QAS_NOVICE (Imported)","vitrivr2",0.0
1706546405555,"vbs24-qa6_N","QAS_NOVICE (Imported)","PraK4",0.0
1706546405555,"vbs24-qa6_N","QAS_NOVICE (Imported)","Exquisitor1",0.0
1706546405555,"vbs24-qa6_N","QAS_NOVICE (Imported)","ViewsInsight2",0.0
1706546405555,"vbs24-qa6_N","QAS_NOVICE (Imported)","VIREO2",0.0
1706546405555,"vbs24-qa6_N","QAS_NOVICE (Imported)","ViewsInsight3",0.0
1706546405555,"vbs24-qa6_N","QAS_NOVICE (Imported)","diveXplore1",0.0
1706546405555,"vbs24-qa6_N","QAS_NOVICE (Imported)","TalkSee1",0.0
1706546405555,"vbs24-qa6_N","QAS_NOVICE (Imported)","vitrivr3",0.0
1706546405555,"vbs24-qa6_N","QAS_NOVICE (Imported)","PraK3",0.0
1706546405555,"vbs24-qa6_N","QAS_NOVICE (Imported)","VIREO1",0.0
1706546405555,"vbs24-qa6_N","QAS_NOVICE (Imported)","Vibro2",732.1033333333334
1706546405555,"vbs24-qa6_N","QAS_NOVICE (Imported)","VISIONE2",0.0
1706546405555,"vbs24-qa6_N","QAS_NOVICE (Imported)","VERGE2",0.0
1706546405555,"vbs24-qa6_N","QAS_NOVICE (Imported)","vitrivr1",0.0
1706546405555,"vbs24-qa6_N","QAS_NOVICE (Imported)","vitrivr-VR1",0.0
1706546405555,"vbs24-qa6_N","QAS_NOVICE (Imported)","VISIONE3",0.0
1706546405555,"vbs24-qa6_N","QAS_NOVICE (Imported)","vitrivr4",0.0
1706546405555,"vbs24-qa6_N","QAS_NOVICE (Imported)","VISIONE1",0.0
1706546405555,"vbs24-qa6_N","QAS_NOVICE (Imported)","ViewsInsight1",0.0
1706546405555,"vbs24-qa6_N","QAS_NOVICE (Imported)","VideoCLIP2",0.0
1706546405555,"vbs24-qa6_N","QAS_NOVICE (Imported)","TalkSee2",0.0
1706546405555,"vbs24-qa6_N","QAS_NOVICE (Imported)","VideoCLIP1",0.0
1706546405555,"vbs24-qa6_N","QAS_NOVICE (Imported)","PraK1",0.0
1706546405555,"vbs24-qa6_N","QAS_NOVICE (Imported)","diveXplore2",0.0
1706546405555,"vbs24-qa6_N","QAS_NOVICE (Imported)","Vibro1",0.0
1706546405555,"vbs24-qa6_N","QAS_NOVICE (Imported)","VISIONE4",0.0
1706546405555,"vbs24-qa6_N","QAS_NOVICE (Imported)","VERGE1",0.0
1706546405555,"vbs24-qa6_N","QAS_NOVICE (Imported)","vitrivr-VR2",0.0
1706546405555,"vbs24-qa6_N","QAS_NOVICE (Imported)","PraK5",0.0
1706546916511,"vbs24-kis-v4_N","KISV_NOVICE (Imported)","PraK2",0.0
1706546916511,"vbs24-kis-v4_N","KISV_NOVICE (Imported)","Exquisitor2",0.0
1706546916511,"vbs24-kis-v4_N","KISV_NOVICE (Imported)","vitrivr2",0.0
1706546916511,"vbs24-kis-v4_N","KISV_NOVICE (Imported)","PraK4",693.8883333333333
1706546916511,"vbs24-kis-v4_N","KISV_NOVICE (Imported)","Exquisitor1",0.0
1706546916511,"vbs24-kis-v4_N","KISV_NOVICE (Imported)","ViewsInsight2",0.0
1706546916511,"vbs24-kis-v4_N","KISV_NOVICE (Imported)","VIREO2",0.0
1706546916511,"vbs24-kis-v4_N","KISV_NOVICE (Imported)","ViewsInsight3",703.29
1706546916511,"vbs24-kis-v4_N","KISV_NOVICE (Imported)","diveXplore1",878.8783333333333
1706546916511,"vbs24-kis-v4_N","KISV_NOVICE (Imported)","TalkSee1",0.0
1706546916511,"vbs24-kis-v4_N","KISV_NOVICE (Imported)","vitrivr3",0.0
1706546916511,"vbs24-kis-v4_N","KISV_NOVICE (Imported)","PraK3",0.0
1706546916511,"vbs24-kis-v4_N","KISV_NOVICE (Imported)","VIREO1",506.52666666666664
1706546916511,"vbs24-kis-v4_N","KISV_NOVICE (Imported)","Vibro2",934.0183333333333
1706546916511,"vbs24-kis-v4_N","KISV_NOVICE (Imported)","VISIONE2",0.0
1706546916511,"vbs24-kis-v4_N","KISV_NOVICE (Imported)","VERGE2",0.0
1706546916511,"vbs24-kis-v4_N","KISV_NOVICE (Imported)","vitrivr1",0.0
1706546916511,"vbs24-kis-v4_N","KISV_NOVICE (Imported)","vitrivr-VR1",0.0
1706546916511,"vbs24-kis-v4_N","KISV_NOVICE (Imported)","VISIONE3",0.0
1706546916511,"vbs24-kis-v4_N","KISV_NOVICE (Imported)","vitrivr4",0.0
1706546916511,"vbs24-kis-v4_N","KISV_NOVICE (Imported)","VISIONE1",903.0883333333334
1706546916511,"vbs24-kis-v4_N","KISV_NOVICE (Imported)","ViewsInsight1",0.0
1706546916511,"vbs24-kis-v4_N","KISV_NOVICE (Imported)","VideoCLIP2",0.0
1706546916511,"vbs24-kis-v4_N","KISV_NOVICE (Imported)","TalkSee2",0.0
1706546916511,"vbs24-kis-v4_N","KISV_NOVICE (Imported)","VideoCLIP1",0.0
1706546916511,"vbs24-kis-v4_N","KISV_NOVICE (Imported)","PraK1",0.0
1706546916511,"vbs24-kis-v4_N","KISV_NOVICE (Imported)","diveXplore2",0.0
1706546916511,"vbs24-kis-v4_N","KISV_NOVICE (Imported)","Vibro1",0.0
1706546916511,"vbs24-kis-v4_N","KISV_NOVICE (Imported)","VISIONE4",0.0
1706546916511,"vbs24-kis-v4_N","KISV_NOVICE (Imported)","VERGE1",0.0
1706546916511,"vbs24-kis-v4_N","KISV_NOVICE (Imported)","vitrivr-VR2",0.0
1706546916511,"vbs24-kis-v4_N","KISV_NOVICE (Imported)","PraK5",0.0
1706547281431,"vbs24-avs3_N","AVS_NOVICE (Imported)","PraK2",0.0
1706547281431,"vbs24-avs3_N","AVS_NOVICE (Imported)","Exquisitor2",0.0
1706547281431,"vbs24-avs3_N","AVS_NOVICE (Imported)","vitrivr2",0.0
1706547281431,"vbs24-avs3_N","AVS_NOVICE (Imported)","PraK4",434.61538461538476
1706547281431,"vbs24-avs3_N","AVS_NOVICE (Imported)","Exquisitor1",288.46153846153845
1706547281431,"vbs24-avs3_N","AVS_NOVICE (Imported)","ViewsInsight2",0.0
1706547281431,"vbs24-avs3_N","AVS_NOVICE (Imported)","VIREO2",0.0
1706547281431,"vbs24-avs3_N","AVS_NOVICE (Imported)","ViewsInsight3",207.6923076923077
1706547281431,"vbs24-avs3_N","AVS_NOVICE (Imported)","diveXplore1",211.53846153846155
1706547281431,"vbs24-avs3_N","AVS_NOVICE (Imported)","TalkSee1",0.0
1706547281431,"vbs24-avs3_N","AVS_NOVICE (Imported)","vitrivr3",0.0
1706547281431,"vbs24-avs3_N","AVS_NOVICE (Imported)","PraK3",0.0
1706547281431,"vbs24-avs3_N","AVS_NOVICE (Imported)","VIREO1",230.7692307692308
1706547281431,"vbs24-avs3_N","AVS_NOVICE (Imported)","Vibro2",292.30769230769226
1706547281431,"vbs24-avs3_N","AVS_NOVICE (Imported)","VISIONE2",0.0
1706547281431,"vbs24-avs3_N","AVS_NOVICE (Imported)","VERGE2",0.0
1706547281431,"vbs24-avs3_N","AVS_NOVICE (Imported)","vitrivr1",0.0
1706547281431,"vbs24-avs3_N","AVS_NOVICE (Imported)","vitrivr-VR1",0.0
1706547281431,"vbs24-avs3_N","AVS_NOVICE (Imported)","VISIONE3",0.0
1706547281431,"vbs24-avs3_N","AVS_NOVICE (Imported)","vitrivr4",0.0
1706547281431,"vbs24-avs3_N","AVS_NOVICE (Imported)","VISIONE1",430.7692307692308
1706547281431,"vbs24-avs3_N","AVS_NOVICE (Imported)","ViewsInsight1",0.0
1706547281431,"vbs24-avs3_N","AVS_NOVICE (Imported)","VideoCLIP2",0.0
1706547281431,"vbs24-avs3_N","AVS_NOVICE (Imported)","TalkSee2",0.0
1706547281431,"vbs24-avs3_N","AVS_NOVICE (Imported)","VideoCLIP1",0.0
1706547281431,"vbs24-avs3_N","AVS_NOVICE (Imported)","PraK1",0.0
1706547281431,"vbs24-avs3_N","AVS_NOVICE (Imported)","diveXplore2",0.0
1706547281431,"vbs24-avs3_N","AVS_NOVICE (Imported)","Vibro1",0.0
1706547281431,"vbs24-avs3_N","AVS_NOVICE (Imported)","VISIONE4",0.0
1706547281431,"vbs24-avs3_N","AVS_NOVICE (Imported)","VERGE1",73.07692307692307
1706547281431,"vbs24-avs3_N","AVS_NOVICE (Imported)","vitrivr-VR2",0.0
1706547281431,"vbs24-avs3_N","AVS_NOVICE (Imported)","PraK5",0.0
1706547683605,"vbs24-qa6_N","QAS_NOVICE (Imported)","PraK2",0.0
1706547683605,"vbs24-qa6_N","QAS_NOVICE (Imported)","Exquisitor2",0.0
1706547683605,"vbs24-qa6_N","QAS_NOVICE (Imported)","vitrivr2",0.0
1706547683605,"vbs24-qa6_N","QAS_NOVICE (Imported)","PraK4",0.0
1706547683605,"vbs24-qa6_N","QAS_NOVICE (Imported)","Exquisitor1",0.0
1706547683605,"vbs24-qa6_N","QAS_NOVICE (Imported)","ViewsInsight2",0.0
1706547683605,"vbs24-qa6_N","QAS_NOVICE (Imported)","VIREO2",0.0
1706547683605,"vbs24-qa6_N","QAS_NOVICE (Imported)","ViewsInsight3",0.0
1706547683605,"vbs24-qa6_N","QAS_NOVICE (Imported)","diveXplore1",0.0
1706547683605,"vbs24-qa6_N","QAS_NOVICE (Imported)","TalkSee1",0.0
1706547683605,"vbs24-qa6_N","QAS_NOVICE (Imported)","vitrivr3",0.0
1706547683605,"vbs24-qa6_N","QAS_NOVICE (Imported)","PraK3",0.0
1706547683605,"vbs24-qa6_N","QAS_NOVICE (Imported)","VIREO1",0.0
1706547683605,"vbs24-qa6_N","QAS_NOVICE (Imported)","Vibro2",0.0
1706547683605,"vbs24-qa6_N","QAS_NOVICE (Imported)","VISIONE2",0.0
1706547683605,"vbs24-qa6_N","QAS_NOVICE (Imported)","VERGE2",0.0
1706547683605,"vbs24-qa6_N","QAS_NOVICE (Imported)","vitrivr1",0.0
1706547683605,"vbs24-qa6_N","QAS_NOVICE (Imported)","vitrivr-VR1",0.0
1706547683605,"vbs24-qa6_N","QAS_NOVICE (Imported)","VISIONE3",0.0
1706547683605,"vbs24-qa6_N","QAS_NOVICE (Imported)","vitrivr4",0.0
1706547683605,"vbs24-qa6_N","QAS_NOVICE (Imported)","VISIONE1",0.0
1706547683605,"vbs24-qa6_N","QAS_NOVICE (Imported)","ViewsInsight1",0.0
1706547683605,"vbs24-qa6_N","QAS_NOVICE (Imported)","VideoCLIP2",0.0
1706547683605,"vbs24-qa6_N","QAS_NOVICE (Imported)","TalkSee2",0.0
1706547683605,"vbs24-qa6_N","QAS_NOVICE (Imported)","VideoCLIP1",0.0
1706547683605,"vbs24-qa6_N","QAS_NOVICE (Imported)","PraK1",0.0
1706547683605,"vbs24-qa6_N","QAS_NOVICE (Imported)","diveXplore2",0.0
1706547683605,"vbs24-qa6_N","QAS_NOVICE (Imported)","Vibro1",0.0
1706547683605,"vbs24-qa6_N","QAS_NOVICE (Imported)","VISIONE4",0.0
1706547683605,"vbs24-qa6_N","QAS_NOVICE (Imported)","VERGE1",0.0
1706547683605,"vbs24-qa6_N","QAS_NOVICE (Imported)","vitrivr-VR2",0.0
1706547683605,"vbs24-qa6_N","QAS_NOVICE (Imported)","PraK5",0.0
1706547731137,"vbs24-qa7_N","QAS_NOVICE (Imported)","PraK2",0.0
1706547731137,"vbs24-qa7_N","QAS_NOVICE (Imported)","Exquisitor2",0.0
1706547731137,"vbs24-qa7_N","QAS_NOVICE (Imported)","vitrivr2",0.0
1706547731137,"vbs24-qa7_N","QAS_NOVICE (Imported)","PraK4",0.0
1706547731137,"vbs24-qa7_N","QAS_NOVICE (Imported)","Exquisitor1",0.0
1706547731137,"vbs24-qa7_N","QAS_NOVICE (Imported)","ViewsInsight2",0.0
1706547731137,"vbs24-qa7_N","QAS_NOVICE (Imported)","VIREO2",0.0
1706547731137,"vbs24-qa7_N","QAS_NOVICE (Imported)","ViewsInsight3",0.0
1706547731137,"vbs24-qa7_N","QAS_NOVICE (Imported)","diveXplore1",884.175
1706547731137,"vbs24-qa7_N","QAS_NOVICE (Imported)","TalkSee1",0.0
1706547731137,"vbs24-qa7_N","QAS_NOVICE (Imported)","vitrivr3",0.0
1706547731137,"vbs24-qa7_N","QAS_NOVICE (Imported)","PraK3",0.0
1706547731137,"vbs24-qa7_N","QAS_NOVICE (Imported)","VIREO1",0.0
1706547731137,"vbs24-qa7_N","QAS_NOVICE (Imported)","Vibro2",0.0
1706547731137,"vbs24-qa7_N","QAS_NOVICE (Imported)","VISIONE2",0.0
1706547731137,"vbs24-qa7_N","QAS_NOVICE (Imported)","VERGE2",0.0
1706547731137,"vbs24-qa7_N","QAS_NOVICE (Imported)","vitrivr1",0.0
1706547731137,"vbs24-qa7_N","QAS_NOVICE (Imported)","vitrivr-VR1",0.0
1706547731137,"vbs24-qa7_N","QAS_NOVICE (Imported)","VISIONE3",0.0
1706547731137,"vbs24-qa7_N","QAS_NOVICE (Imported)","vitrivr4",0.0
1706547731137,"vbs24-qa7_N","QAS_NOVICE (Imported)","VISIONE1",594.8616666666667
1706547731137,"vbs24-qa7_N","QAS_NOVICE (Imported)","ViewsInsight1",0.0
1706547731137,"vbs24-qa7_N","QAS_NOVICE (Imported)","VideoCLIP2",0.0
1706547731137,"vbs24-qa7_N","QAS_NOVICE (Imported)","TalkSee2",0.0
1706547731137,"vbs24-qa7_N","QAS_NOVICE (Imported)","VideoCLIP1",0.0
1706547731137,"vbs24-qa7_N","QAS_NOVICE (Imported)","PraK1",0.0
1706547731137,"vbs24-qa7_N","QAS_NOVICE (Imported)","diveXplore2",0.0
1706547731137,"vbs24-qa7_N","QAS_NOVICE (Imported)","Vibro1",0.0
1706547731137,"vbs24-qa7_N","QAS_NOVICE (Imported)","VISIONE4",0.0
1706547731137,"vbs24-qa7_N","QAS_NOVICE (Imported)","VERGE1",0.0
1706547731137,"vbs24-qa7_N","QAS_NOVICE (Imported)","vitrivr-VR2",0.0
1706547731137,"vbs24-qa7_N","QAS_NOVICE (Imported)","PraK5",0.0
1706548224550,"vbs24-kis-v28_QN","KISV_NOVICE (Imported)","PraK2",0.0
1706548224550,"vbs24-kis-v28_QN","KISV_NOVICE (Imported)","Exquisitor2",0.0
1706548224550,"vbs24-kis-v28_QN","KISV_NOVICE (Imported)","vitrivr2",0.0
1706548224550,"vbs24-kis-v28_QN","KISV_NOVICE (Imported)","PraK4",0.0
1706548224550,"vbs24-kis-v28_QN","KISV_NOVICE (Imported)","Exquisitor1",0.0
1706548224550,"vbs24-kis-v28_QN","KISV_NOVICE (Imported)","ViewsInsight2",0.0
1706548224550,"vbs24-kis-v28_QN","KISV_NOVICE (Imported)","VIREO2",0.0
1706548224550,"vbs24-kis-v28_QN","KISV_NOVICE (Imported)","ViewsInsight3",0.0
1706548224550,"vbs24-kis-v28_QN","KISV_NOVICE (Imported)","diveXplore1",659.7716666666666
1706548224550,"vbs24-kis-v28_QN","KISV_NOVICE (Imported)","TalkSee1",0.0
1706548224550,"vbs24-kis-v28_QN","KISV_NOVICE (Imported)","vitrivr3",0.0
1706548224550,"vbs24-kis-v28_QN","KISV_NOVICE (Imported)","PraK3",0.0
1706548224550,"vbs24-kis-v28_QN","KISV_NOVICE (Imported)","VIREO1",0.0
1706548224550,"vbs24-kis-v28_QN","KISV_NOVICE (Imported)","Vibro2",836.6516666666666
1706548224550,"vbs24-kis-v28_QN","KISV_NOVICE (Imported)","VISIONE2",0.0
1706548224550,"vbs24-kis-v28_QN","KISV_NOVICE (Imported)","VERGE2",0.0
1706548224550,"vbs24-kis-v28_QN","KISV_NOVICE (Imported)","vitrivr1",0.0
1706548224550,"vbs24-kis-v28_QN","KISV_NOVICE (Imported)","vitrivr-VR1",0.0
1706548224550,"vbs24-kis-v28_QN","KISV_NOVICE (Imported)","VISIONE3",0.0
1706548224550,"vbs24-kis-v28_QN","KISV_NOVICE (Imported)","vitrivr4",733.19
1706548224550,"vbs24-kis-v28_QN","KISV_NOVICE (Imported)","VISIONE1",911.415
1706548224550,"vbs24-kis-v28_QN","KISV_NOVICE (Imported)","ViewsInsight1",0.0
1706548224550,"vbs24-kis-v28_QN","KISV_NOVICE (Imported)","VideoCLIP2",0.0
1706548224550,"vbs24-kis-v28_QN","KISV_NOVICE (Imported)","TalkSee2",0.0
1706548224550,"vbs24-kis-v28_QN","KISV_NOVICE (Imported)","VideoCLIP1",0.0
1706548224550,"vbs24-kis-v28_QN","KISV_NOVICE (Imported)","PraK1",0.0
1706548224550,"vbs24-kis-v28_QN","KISV_NOVICE (Imported)","diveXplore2",0.0
1706548224550,"vbs24-kis-v28_QN","KISV_NOVICE (Imported)","Vibro1",0.0
1706548224550,"vbs24-kis-v28_QN","KISV_NOVICE (Imported)","VISIONE4",0.0
1706548224550,"vbs24-kis-v28_QN","KISV_NOVICE (Imported)","VERGE1",0.0
1706548224550,"vbs24-kis-v28_QN","KISV_NOVICE (Imported)","vitrivr-VR2",0.0
1706548224550,"vbs24-kis-v28_QN","KISV_NOVICE (Imported)","PraK5",0.0